{
    "train_accuracy": 0.8801955990220048,
    "test_accuracy": 0.8884364820846905,
    "precision": 0.14516129032258066,
    "recall": 0.3673469387755102,
    "f1": 0.20809248554913296
}