{
    "train_accuracy": 0.7207280630263515,
    "test_accuracy": 0.7280130293159609,
    "precision": 0.09631728045325778,
    "recall": 0.6938775510204082,
    "f1": 0.1691542288557214
}