{
    "train_accuracy": 0.9997283346916599,
    "test_accuracy": 0.9600977198697068,
    "precision": 0.0,
    "recall": 0.0,
    "f1": 0.0
}