{
    "train_accuracy": 0.660961695191524,
    "test_accuracy": 0.6237785016286646,
    "precision": 0.07246376811594203,
    "recall": 0.7142857142857143,
    "f1": 0.13157894736842105
}